{
  "placeholderImages": [
    {
      "id": "whiteboard",
      "description": "An interactive whiteboard for drawing and teaching.",
      "imageUrl": "https://picsum.photos/seed/teachhub1/600/400",
      "imageHint": "whiteboard classroom"
    },
    {
      "id": "attendance",
      "description": "A tool to track student attendance.",
      "imageUrl": "https://picsum.photos/seed/teachhub2/600/400",
      "imageHint": "checklist students"
    },
    {
      "id": "grading",
      "description": "A system to manage student grades and assignments.",
      "imageUrl": "https://picsum.photos/seed/teachhub3/600/400",
      "imageHint": "grading paper"
    }
  ]
}